Timestamp,Time,Source,Destination,Packet_length,Payload_length,Sequence_number,Src_device,Dst_device,Burst
1611841122,2021-01-28 18:38:42,0x00008a9d,0x0000eb5c,50,13,158,ZR,ZR,1
1611841122,2021-01-28 18:38:42,0x0000eb5c,0x00008a9d,53,16,84,ZR,ZR,1
1611841122,2021-01-28 18:38:42,0x00008a9d,0x0000eb5c,50,13,159,ZR,ZR,1
1611841122,2021-01-28 18:38:42,0x0000eb5c,0x00008a9d,53,16,85,ZR,ZR,1
1611841123,2021-01-28 18:38:43,0x00008a9d,0x0000eb5c,50,13,160,ZR,ZR,1
1611841123,2021-01-28 18:38:43,0x0000eb5c,0x00008a9d,53,16,86,ZR,ZR,1
1611841123,2021-01-28 18:38:43,0x00008a9d,0x0000eb5c,50,13,161,ZR,ZR,1
1611841123,2021-01-28 18:38:43,0x0000eb5c,0x00008a9d,53,16,87,ZR,ZR,1
1611841124,2021-01-28 18:38:44,0x00008a9d,0x0000eb5c,50,13,162,ZR,ZR,1
1611841124,2021-01-28 18:38:44,0x0000eb5c,0x00008a9d,53,16,88,ZR,ZR,1
1611841124,2021-01-28 18:38:44,0x00008a9d,0x0000eb5c,50,13,163,ZR,ZR,1
1611841124,2021-01-28 18:38:44,0x0000eb5c,0x00008a9d,53,16,89,ZR,ZR,1
1611841125,2021-01-28 18:38:45,0x00008a9d,0x0000eb5c,50,13,164,ZR,ZR,1
1611841125,2021-01-28 18:38:45,0x0000eb5c,0x00008a9d,53,16,90,ZR,ZR,1
1611841125,2021-01-28 18:38:45,0x00008a9d,0x0000eb5c,50,13,165,ZR,ZR,1
1611841125,2021-01-28 18:38:45,0x0000eb5c,0x00008a9d,53,16,91,ZR,ZR,1
1611841126,2021-01-28 18:38:46,0x00008a9d,0x0000eb5c,50,13,166,ZR,ZR,1
1611841126,2021-01-28 18:38:46,0x0000eb5c,0x00008a9d,53,16,92,ZR,ZR,1
1611841126,2021-01-28 18:38:46,0x00008a9d,0x0000eb5c,50,13,167,ZR,ZR,1
1611841126,2021-01-28 18:38:46,0x0000eb5c,0x00008a9d,53,16,93,ZR,ZR,1
1611841127,2021-01-28 18:38:47,0x00008a9d,0x0000eb5c,49,12,168,ZR,ZR,1
1611841127,2021-01-28 18:38:47,0x0000eb5c,0x00008a9d,54,17,95,ZR,ZR,1
1611841128,2021-01-28 18:38:48,0x00008a9d,0x0000eb5c,50,13,169,ZR,ZR,1
1611841128,2021-01-28 18:38:48,0x0000eb5c,0x00008a9d,56,19,96,ZR,ZR,1
1611841129,2021-01-28 18:38:49,0x00008a9d,0x0000eb5c,50,13,170,ZR,ZR,1
1611841129,2021-01-28 18:38:49,0x0000eb5c,0x00008a9d,53,16,97,ZR,ZR,1
1611841129,2021-01-28 18:38:49,0x00008a9d,0x0000eb5c,50,13,171,ZR,ZR,1
1611841129,2021-01-28 18:38:49,0x0000eb5c,0x00008a9d,53,16,98,ZR,ZR,1
1611841130,2021-01-28 18:38:50,0x00008a9d,0x0000eb5c,50,13,172,ZR,ZR,1
1611841130,2021-01-28 18:38:50,0x0000eb5c,0x00008a9d,53,16,99,ZR,ZR,1
1611841130,2021-01-28 18:38:50,0x00008a9d,0x0000eb5c,50,13,173,ZR,ZR,1
1611841130,2021-01-28 18:38:50,0x0000eb5c,0x00008a9d,53,16,100,ZR,ZR,1
1611841131,2021-01-28 18:38:51,0x00008a9d,0x0000eb5c,50,13,175,ZR,ZR,1
1611841131,2021-01-28 18:38:51,0x0000eb5c,0x00008a9d,53,16,101,ZR,ZR,1
1611841132,2021-01-28 18:38:52,0x00008a9d,0x0000eb5c,50,13,176,ZR,ZR,1
1611841132,2021-01-28 18:38:52,0x0000eb5c,0x00008a9d,53,16,102,ZR,ZR,1
1611841133,2021-01-28 18:38:53,0x00008a9d,0x0000eb5c,50,13,177,ZR,ZR,1
1611841133,2021-01-28 18:38:53,0x0000eb5c,0x00008a9d,53,16,103,ZR,ZR,1
1611841133,2021-01-28 18:38:53,0x00008a9d,0x0000eb5c,50,13,178,ZR,ZR,1
1611841133,2021-01-28 18:38:53,0x0000eb5c,0x00008a9d,53,16,104,ZR,ZR,1
1611841134,2021-01-28 18:38:54,0x00008a9d,0x0000eb5c,50,13,179,ZR,ZR,1
1611841134,2021-01-28 18:38:54,0x0000eb5c,0x00008a9d,53,16,105,ZR,ZR,1
1611841134,2021-01-28 18:38:54,0x00008a9d,0x0000eb5c,50,13,180,ZR,ZR,1
1611841134,2021-01-28 18:38:54,0x0000eb5c,0x00008a9d,53,16,106,ZR,ZR,1
1611841135,2021-01-28 18:38:55,0x00008a9d,0x0000eb5c,50,13,181,ZR,ZR,1
1611841135,2021-01-28 18:38:55,0x0000eb5c,0x00008a9d,53,16,107,ZR,ZR,1
1611841135,2021-01-28 18:38:55,0x00008a9d,0x0000eb5c,50,13,182,ZR,ZR,1
1611841135,2021-01-28 18:38:55,0x0000eb5c,0x00008a9d,53,16,108,ZR,ZR,1
1611841136,2021-01-28 18:38:56,0x00008a9d,0x0000eb5c,50,13,183,ZR,ZR,1
1611841136,2021-01-28 18:38:56,0x0000eb5c,0x00008a9d,53,16,109,ZR,ZR,1
1611841136,2021-01-28 18:38:56,0x00008a9d,0x0000eb5c,50,13,184,ZR,ZR,1
1611841136,2021-01-28 18:38:56,0x0000eb5c,0x00008a9d,53,16,110,ZR,ZR,1
1611841137,2021-01-28 18:38:57,0x00008a9d,0x0000eb5c,50,13,185,ZR,ZR,1
1611841137,2021-01-28 18:38:57,0x0000eb5c,0x00008a9d,53,16,111,ZR,ZR,1
1611841137,2021-01-28 18:38:57,0x00008a9d,0x0000eb5c,50,13,186,ZR,ZR,1
1611841137,2021-01-28 18:38:57,0x0000eb5c,0x00008a9d,53,16,112,ZR,ZR,1
1611841138,2021-01-28 18:38:58,0x00008a9d,0x0000eb5c,50,13,187,ZR,ZR,1
1611841138,2021-01-28 18:38:58,0x0000eb5c,0x00008a9d,53,16,113,ZR,ZR,1
1611841138,2021-01-28 18:38:58,0x00008a9d,0x0000eb5c,50,13,188,ZR,ZR,1
1611841138,2021-01-28 18:38:58,0x0000eb5c,0x00008a9d,53,16,114,ZR,ZR,1
1611841139,2021-01-28 18:38:59,0x00008a9d,0x0000eb5c,50,13,189,ZR,ZR,1
1611841139,2021-01-28 18:38:59,0x0000eb5c,0x00008a9d,53,16,115,ZR,ZR,1
1611841139,2021-01-28 18:38:59,0x00008a9d,0x0000eb5c,50,13,190,ZR,ZR,1
1611841139,2021-01-28 18:38:59,0x0000eb5c,0x00008a9d,53,16,116,ZR,ZR,1
1611841140,2021-01-28 18:39:00,0x00008a9d,0x0000eb5c,50,13,193,ZR,ZR,1
1611841140,2021-01-28 18:39:00,0x0000eb5c,0x00008a9d,53,16,118,ZR,ZR,1
1611841140,2021-01-28 18:39:00,0x00008a9d,0x0000eb5c,50,13,194,ZR,ZR,1
1611841140,2021-01-28 18:39:00,0x0000eb5c,0x00008a9d,53,16,119,ZR,ZR,1
1611841141,2021-01-28 18:39:01,0x00008a9d,0x0000eb5c,50,13,195,ZR,ZR,1
1611841141,2021-01-28 18:39:01,0x0000eb5c,0x00008a9d,53,16,120,ZR,ZR,1
1611841141,2021-01-28 18:39:01,0x00008a9d,0x0000eb5c,50,13,196,ZR,ZR,1
1611841141,2021-01-28 18:39:01,0x0000eb5c,0x00008a9d,53,16,121,ZR,ZR,1
1611841142,2021-01-28 18:39:02,0x00008a9d,0x0000eb5c,50,13,197,ZR,ZR,1
1611841142,2021-01-28 18:39:02,0x0000eb5c,0x00008a9d,53,16,123,ZR,ZR,1
1611841142,2021-01-28 18:39:02,0x00008a9d,0x0000eb5c,50,13,198,ZR,ZR,1
1611841142,2021-01-28 18:39:02,0x0000eb5c,0x00008a9d,53,16,124,ZR,ZR,1
1611841143,2021-01-28 18:39:03,0x00008a9d,0x0000eb5c,50,13,199,ZR,ZR,1
1611841143,2021-01-28 18:39:03,0x0000eb5c,0x00008a9d,53,16,125,ZR,ZR,1
1611841144,2021-01-28 18:39:04,0x00008a9d,0x0000eb5c,50,13,200,ZR,ZR,1
1611841144,2021-01-28 18:39:04,0x0000eb5c,0x00008a9d,53,16,126,ZR,ZR,1
1611841145,2021-01-28 18:39:05,0x00008a9d,0x0000eb5c,50,13,201,ZR,ZR,1
1611841145,2021-01-28 18:39:05,0x0000eb5c,0x00008a9d,53,16,127,ZR,ZR,1
1611841145,2021-01-28 18:39:05,0x00008a9d,0x0000eb5c,50,13,202,ZR,ZR,1
1611841145,2021-01-28 18:39:05,0x0000eb5c,0x00008a9d,53,16,128,ZR,ZR,1
1611841146,2021-01-28 18:39:06,0x00008a9d,0x0000eb5c,50,13,203,ZR,ZR,1
1611841146,2021-01-28 18:39:06,0x0000eb5c,0x00008a9d,53,16,129,ZR,ZR,1
1611841146,2021-01-28 18:39:06,0x00008a9d,0x0000eb5c,50,13,204,ZR,ZR,1
1611841146,2021-01-28 18:39:06,0x0000eb5c,0x00008a9d,53,16,130,ZR,ZR,1
1611841147,2021-01-28 18:39:07,0x00008a9d,0x0000eb5c,50,13,206,ZR,ZR,1
1611841147,2021-01-28 18:39:07,0x0000eb5c,0x00008a9d,53,16,131,ZR,ZR,1
1611841147,2021-01-28 18:39:07,0x00008a9d,0x0000eb5c,50,13,207,ZR,ZR,1
1611841147,2021-01-28 18:39:07,0x0000eb5c,0x00008a9d,53,16,132,ZR,ZR,1
1611841148,2021-01-28 18:39:08,0x00008a9d,0x0000eb5c,50,13,208,ZR,ZR,1
1611841148,2021-01-28 18:39:08,0x0000eb5c,0x00008a9d,53,16,133,ZR,ZR,1
1611841148,2021-01-28 18:39:08,0x00008a9d,0x0000eb5c,50,13,209,ZR,ZR,1
1611841148,2021-01-28 18:39:08,0x0000eb5c,0x00008a9d,53,16,134,ZR,ZR,1
1611841149,2021-01-28 18:39:09,0x00008a9d,0x0000eb5c,50,13,210,ZR,ZR,1
1611841149,2021-01-28 18:39:09,0x0000eb5c,0x00008a9d,53,16,135,ZR,ZR,1
1611841149,2021-01-28 18:39:09,0x00008a9d,0x0000eb5c,50,13,211,ZR,ZR,1
1611841149,2021-01-28 18:39:09,0x0000eb5c,0x00008a9d,53,16,136,ZR,ZR,1
1611841150,2021-01-28 18:39:10,0x00008a9d,0x0000eb5c,50,13,212,ZR,ZR,1
1611841150,2021-01-28 18:39:10,0x0000eb5c,0x00008a9d,53,16,137,ZR,ZR,1
1611841150,2021-01-28 18:39:10,0x00008a9d,0x0000eb5c,50,13,213,ZR,ZR,1
1611841150,2021-01-28 18:39:10,0x0000eb5c,0x00008a9d,53,16,138,ZR,ZR,1
1611841151,2021-01-28 18:39:11,0x00008a9d,0x0000eb5c,50,13,214,ZR,ZR,1
1611841151,2021-01-28 18:39:11,0x0000eb5c,0x00008a9d,53,16,139,ZR,ZR,1
1611841151,2021-01-28 18:39:11,0x00008a9d,0x0000eb5c,50,13,215,ZR,ZR,1
1611841151,2021-01-28 18:39:11,0x0000eb5c,0x00008a9d,53,16,140,ZR,ZR,1
1611841152,2021-01-28 18:39:12,0x00008a9d,0x0000eb5c,50,13,216,ZR,ZR,1
1611841152,2021-01-28 18:39:12,0x0000eb5c,0x00008a9d,53,16,141,ZR,ZR,1
1611841152,2021-01-28 18:39:12,0x00008a9d,0x0000eb5c,50,13,217,ZR,ZR,1
1611841152,2021-01-28 18:39:12,0x0000eb5c,0x00008a9d,53,16,142,ZR,ZR,1
1611841153,2021-01-28 18:39:13,0x00008a9d,0x0000eb5c,50,13,218,ZR,ZR,1
1611841153,2021-01-28 18:39:13,0x0000eb5c,0x00008a9d,53,16,143,ZR,ZR,1
1611841153,2021-01-28 18:39:13,0x00008a9d,0x0000eb5c,50,13,219,ZR,ZR,1
1611841153,2021-01-28 18:39:13,0x0000eb5c,0x00008a9d,53,16,144,ZR,ZR,1
1611841154,2021-01-28 18:39:14,0x00008a9d,0x0000eb5c,50,13,220,ZR,ZR,1
1611841154,2021-01-28 18:39:14,0x0000eb5c,0x00008a9d,53,16,145,ZR,ZR,1
1611841155,2021-01-28 18:39:15,0x00008a9d,0x0000eb5c,50,13,221,ZR,ZR,1
1611841155,2021-01-28 18:39:15,0x0000eb5c,0x00008a9d,53,16,146,ZR,ZR,1
1611841156,2021-01-28 18:39:16,0x00008a9d,0x0000eb5c,50,13,222,ZR,ZR,1
1611841156,2021-01-28 18:39:16,0x0000eb5c,0x00008a9d,53,16,147,ZR,ZR,1
1611841156,2021-01-28 18:39:16,0x00008a9d,0x0000eb5c,50,13,223,ZR,ZR,1
1611841156,2021-01-28 18:39:16,0x0000eb5c,0x00008a9d,53,16,148,ZR,ZR,1
1611841157,2021-01-28 18:39:17,0x00008a9d,0x0000eb5c,50,13,224,ZR,ZR,1
1611841157,2021-01-28 18:39:17,0x0000eb5c,0x00008a9d,53,16,149,ZR,ZR,1
1611841157,2021-01-28 18:39:17,0x00008a9d,0x0000eb5c,50,13,225,ZR,ZR,1
1611841157,2021-01-28 18:39:17,0x0000eb5c,0x00008a9d,53,16,150,ZR,ZR,1
1611841158,2021-01-28 18:39:18,0x00008a9d,0x0000eb5c,50,13,226,ZR,ZR,1
1611841158,2021-01-28 18:39:18,0x0000eb5c,0x00008a9d,53,16,152,ZR,ZR,1
1611841158,2021-01-28 18:39:18,0x00008a9d,0x0000eb5c,50,13,227,ZR,ZR,1
1611841158,2021-01-28 18:39:18,0x0000eb5c,0x00008a9d,53,16,153,ZR,ZR,1
1611841159,2021-01-28 18:39:19,0x00008a9d,0x0000eb5c,50,13,228,ZR,ZR,1
1611841159,2021-01-28 18:39:19,0x0000eb5c,0x00008a9d,53,16,154,ZR,ZR,1
1611841159,2021-01-28 18:39:19,0x00008a9d,0x0000eb5c,50,13,229,ZR,ZR,1
1611841159,2021-01-28 18:39:19,0x0000eb5c,0x00008a9d,53,16,155,ZR,ZR,1
1611841160,2021-01-28 18:39:20,0x00008a9d,0x0000eb5c,50,13,232,ZR,ZR,1
1611841160,2021-01-28 18:39:20,0x0000eb5c,0x00008a9d,53,16,157,ZR,ZR,1
1611841160,2021-01-28 18:39:20,0x00008a9d,0x0000eb5c,50,13,233,ZR,ZR,1
1611841160,2021-01-28 18:39:20,0x0000eb5c,0x00008a9d,53,16,159,ZR,ZR,1
1611841161,2021-01-28 18:39:21,0x00008a9d,0x0000eb5c,50,13,234,ZR,ZR,1
1611841161,2021-01-28 18:39:21,0x0000eb5c,0x00008a9d,53,16,160,ZR,ZR,1
1611841161,2021-01-28 18:39:21,0x00008a9d,0x0000eb5c,50,13,235,ZR,ZR,1
1611841161,2021-01-28 18:39:21,0x0000eb5c,0x00008a9d,53,16,161,ZR,ZR,1
1611841162,2021-01-28 18:39:22,0x00008a9d,0x0000eb5c,50,13,237,ZR,ZR,1
1611841162,2021-01-28 18:39:22,0x0000eb5c,0x00008a9d,53,16,162,ZR,ZR,1
1611841162,2021-01-28 18:39:22,0x00008a9d,0x0000eb5c,50,13,238,ZR,ZR,1
1611841162,2021-01-28 18:39:22,0x0000eb5c,0x00008a9d,53,16,163,ZR,ZR,1
1611841163,2021-01-28 18:39:23,0x00008a9d,0x0000eb5c,50,13,239,ZR,ZR,1
1611841163,2021-01-28 18:39:23,0x0000eb5c,0x00008a9d,53,16,164,ZR,ZR,1
1611841163,2021-01-28 18:39:23,0x00008a9d,0x0000eb5c,50,13,240,ZR,ZR,1
1611841163,2021-01-28 18:39:23,0x0000eb5c,0x00008a9d,53,16,165,ZR,ZR,1
1611841164,2021-01-28 18:39:24,0x00008a9d,0x0000eb5c,50,13,241,ZR,ZR,1
1611841164,2021-01-28 18:39:24,0x0000eb5c,0x00008a9d,53,16,166,ZR,ZR,1
1611841164,2021-01-28 18:39:24,0x00008a9d,0x0000eb5c,50,13,242,ZR,ZR,1
1611841164,2021-01-28 18:39:24,0x0000eb5c,0x00008a9d,53,16,167,ZR,ZR,1
1611841165,2021-01-28 18:39:25,0x00008a9d,0x0000eb5c,50,13,243,ZR,ZR,1
1611841165,2021-01-28 18:39:25,0x0000eb5c,0x00008a9d,53,16,168,ZR,ZR,1
1611841166,2021-01-28 18:39:26,0x00008a9d,0x0000eb5c,50,13,244,ZR,ZR,1
1611841166,2021-01-28 18:39:26,0x0000eb5c,0x00008a9d,53,16,169,ZR,ZR,1
1611841167,2021-01-28 18:39:27,0x00008a9d,0x0000eb5c,50,13,245,ZR,ZR,1
1611841167,2021-01-28 18:39:27,0x0000eb5c,0x00008a9d,53,16,170,ZR,ZR,1
1611841167,2021-01-28 18:39:27,0x00008a9d,0x0000eb5c,50,13,246,ZR,ZR,1
1611841167,2021-01-28 18:39:27,0x0000eb5c,0x00008a9d,53,16,171,ZR,ZR,1
1611841168,2021-01-28 18:39:28,0x00008a9d,0x0000eb5c,50,13,247,ZR,ZR,1
1611841168,2021-01-28 18:39:28,0x0000eb5c,0x00008a9d,53,16,172,ZR,ZR,1
1611841168,2021-01-28 18:39:28,0x00008a9d,0x0000eb5c,50,13,248,ZR,ZR,1
1611841168,2021-01-28 18:39:28,0x0000eb5c,0x00008a9d,53,16,173,ZR,ZR,1
1611841169,2021-01-28 18:39:29,0x00008a9d,0x0000eb5c,50,13,249,ZR,ZR,1
1611841169,2021-01-28 18:39:29,0x0000eb5c,0x00008a9d,53,16,174,ZR,ZR,1
1611841169,2021-01-28 18:39:29,0x00008a9d,0x0000eb5c,50,13,250,ZR,ZR,1
1611841169,2021-01-28 18:39:29,0x0000eb5c,0x00008a9d,53,16,175,ZR,ZR,1
1611841170,2021-01-28 18:39:30,0x00008a9d,0x0000eb5c,50,13,251,ZR,ZR,1
1611841170,2021-01-28 18:39:30,0x0000eb5c,0x00008a9d,53,16,176,ZR,ZR,1
1611841170,2021-01-28 18:39:30,0x00008a9d,0x0000eb5c,50,13,252,ZR,ZR,1
1611841170,2021-01-28 18:39:30,0x0000eb5c,0x00008a9d,53,16,177,ZR,ZR,1
1611841171,2021-01-28 18:39:31,0x00008a9d,0x0000eb5c,50,13,253,ZR,ZR,1
1611841171,2021-01-28 18:39:31,0x0000eb5c,0x00008a9d,53,16,178,ZR,ZR,1
1611841171,2021-01-28 18:39:31,0x00008a9d,0x0000eb5c,50,13,254,ZR,ZR,1
1611841171,2021-01-28 18:39:31,0x0000eb5c,0x00008a9d,53,16,179,ZR,ZR,1
1611841172,2021-01-28 18:39:32,0x00008a9d,0x0000eb5c,50,13,255,ZR,ZR,1
1611841172,2021-01-28 18:39:32,0x0000eb5c,0x00008a9d,53,16,181,ZR,ZR,1
1611841172,2021-01-28 18:39:32,0x00008a9d,0x0000eb5c,50,13,0,ZR,ZR,1
1611841172,2021-01-28 18:39:32,0x0000eb5c,0x00008a9d,53,16,182,ZR,ZR,1
1611841173,2021-01-28 18:39:33,0x00008a9d,0x0000eb5c,50,13,1,ZR,ZR,1
1611841173,2021-01-28 18:39:33,0x0000eb5c,0x00008a9d,53,16,183,ZR,ZR,1
1611841173,2021-01-28 18:39:33,0x00008a9d,0x0000eb5c,50,13,2,ZR,ZR,1
1611841173,2021-01-28 18:39:33,0x0000eb5c,0x00008a9d,53,16,184,ZR,ZR,1
1611841174,2021-01-28 18:39:34,0x00008a9d,0x0000eb5c,50,13,3,ZR,ZR,1
1611841174,2021-01-28 18:39:34,0x0000eb5c,0x00008a9d,53,16,185,ZR,ZR,1
1611841174,2021-01-28 18:39:34,0x00008a9d,0x0000eb5c,50,13,4,ZR,ZR,1
1611841174,2021-01-28 18:39:34,0x0000eb5c,0x00008a9d,53,16,186,ZR,ZR,1
1611841175,2021-01-28 18:39:35,0x00008a9d,0x0000eb5c,50,13,5,ZR,ZR,1
1611841175,2021-01-28 18:39:35,0x0000eb5c,0x00008a9d,53,16,187,ZR,ZR,1
1611841175,2021-01-28 18:39:35,0x00008a9d,0x0000eb5c,50,13,6,ZR,ZR,1
1611841175,2021-01-28 18:39:35,0x0000eb5c,0x00008a9d,53,16,188,ZR,ZR,1
1611841176,2021-01-28 18:39:36,0x00008a9d,0x0000eb5c,50,13,7,ZR,ZR,1
1611841176,2021-01-28 18:39:36,0x0000eb5c,0x00008a9d,53,16,189,ZR,ZR,1
1611841176,2021-01-28 18:39:36,0x00008a9d,0x0000eb5c,50,13,9,ZR,ZR,1
1611841177,2021-01-28 18:39:37,0x0000eb5c,0x00008a9d,53,16,190,ZR,ZR,1
1611841178,2021-01-28 18:39:38,0x00008a9d,0x0000eb5c,50,13,10,ZR,ZR,1
1611841178,2021-01-28 18:39:38,0x0000eb5c,0x00008a9d,53,16,191,ZR,ZR,1
1611841178,2021-01-28 18:39:38,0x00008a9d,0x0000eb5c,50,13,11,ZR,ZR,1
1611841178,2021-01-28 18:39:38,0x0000eb5c,0x00008a9d,53,16,192,ZR,ZR,1
1611841179,2021-01-28 18:39:39,0x00008a9d,0x0000eb5c,50,13,12,ZR,ZR,1
1611841179,2021-01-28 18:39:39,0x0000eb5c,0x00008a9d,53,16,193,ZR,ZR,1
1611841179,2021-01-28 18:39:39,0x00008a9d,0x0000eb5c,50,13,13,ZR,ZR,1
1611841179,2021-01-28 18:39:39,0x0000eb5c,0x00008a9d,53,16,194,ZR,ZR,1
1611841180,2021-01-28 18:39:40,0x00008a9d,0x0000eb5c,50,13,14,ZR,ZR,1
1611841180,2021-01-28 18:39:40,0x0000eb5c,0x00008a9d,53,16,195,ZR,ZR,1
1611841180,2021-01-28 18:39:40,0x00008a9d,0x0000eb5c,50,13,15,ZR,ZR,1
1611841180,2021-01-28 18:39:40,0x0000eb5c,0x00008a9d,53,16,196,ZR,ZR,1
1611841181,2021-01-28 18:39:41,0x00008a9d,0x0000eb5c,50,13,18,ZR,ZR,1
1611841181,2021-01-28 18:39:41,0x0000eb5c,0x00008a9d,53,16,198,ZR,ZR,1
1611841181,2021-01-28 18:39:41,0x00008a9d,0x0000eb5c,50,13,19,ZR,ZR,1
1611841181,2021-01-28 18:39:41,0x0000eb5c,0x00008a9d,53,16,199,ZR,ZR,1
1611841182,2021-01-28 18:39:42,0x00008a9d,0x0000eb5c,50,13,20,ZR,ZR,1
1611841182,2021-01-28 18:39:42,0x0000eb5c,0x00008a9d,53,16,200,ZR,ZR,1
1611841182,2021-01-28 18:39:42,0x00008a9d,0x0000eb5c,50,13,21,ZR,ZR,1
1611841182,2021-01-28 18:39:42,0x0000eb5c,0x00008a9d,53,16,201,ZR,ZR,1
1611841183,2021-01-28 18:39:43,0x00008a9d,0x0000eb5c,50,13,22,ZR,ZR,1
1611841183,2021-01-28 18:39:43,0x0000eb5c,0x00008a9d,53,16,202,ZR,ZR,1
1611841183,2021-01-28 18:39:43,0x00008a9d,0x0000eb5c,50,13,23,ZR,ZR,1
1611841183,2021-01-28 18:39:43,0x0000eb5c,0x00008a9d,53,16,203,ZR,ZR,1
1611841184,2021-01-28 18:39:44,0x00008a9d,0x0000eb5c,50,13,24,ZR,ZR,1
1611841184,2021-01-28 18:39:44,0x0000eb5c,0x00008a9d,53,16,204,ZR,ZR,1
1611841184,2021-01-28 18:39:44,0x00008a9d,0x0000eb5c,50,13,25,ZR,ZR,1
1611841184,2021-01-28 18:39:44,0x0000eb5c,0x00008a9d,53,16,205,ZR,ZR,1
1611841185,2021-01-28 18:39:45,0x00008a9d,0x0000eb5c,50,13,26,ZR,ZR,1
1611841185,2021-01-28 18:39:45,0x0000eb5c,0x00008a9d,53,16,206,ZR,ZR,1
1611841185,2021-01-28 18:39:45,0x00008a9d,0x0000eb5c,50,13,27,ZR,ZR,1
1611841185,2021-01-28 18:39:45,0x0000eb5c,0x00008a9d,53,16,207,ZR,ZR,1
1611841186,2021-01-28 18:39:46,0x00008a9d,0x0000eb5c,50,13,28,ZR,ZR,1
1611841186,2021-01-28 18:39:46,0x0000eb5c,0x00008a9d,53,16,208,ZR,ZR,1
1611841186,2021-01-28 18:39:46,0x00008a9d,0x0000eb5c,50,13,29,ZR,ZR,1
1611841186,2021-01-28 18:39:46,0x0000eb5c,0x00008a9d,53,16,209,ZR,ZR,1
1611841187,2021-01-28 18:39:47,0x00008a9d,0x0000eb5c,50,13,30,ZR,ZR,1
1611841187,2021-01-28 18:39:47,0x0000eb5c,0x00008a9d,53,16,211,ZR,ZR,1
1611841187,2021-01-28 18:39:47,0x00008a9d,0x0000eb5c,50,13,31,ZR,ZR,1
1611841187,2021-01-28 18:39:47,0x0000eb5c,0x00008a9d,53,16,212,ZR,ZR,1
1611841188,2021-01-28 18:39:48,0x00008a9d,0x0000eb5c,50,13,32,ZR,ZR,1
1611841188,2021-01-28 18:39:48,0x0000eb5c,0x00008a9d,53,16,213,ZR,ZR,1
1611841188,2021-01-28 18:39:48,0x00008a9d,0x0000eb5c,50,13,33,ZR,ZR,1
1611841188,2021-01-28 18:39:48,0x0000eb5c,0x00008a9d,53,16,214,ZR,ZR,1
1611841190,2021-01-28 18:39:50,0x00008a9d,0x0000eb5c,50,13,34,ZR,ZR,2
1611841190,2021-01-28 18:39:50,0x0000eb5c,0x00008a9d,53,16,215,ZR,ZR,2
1611841190,2021-01-28 18:39:50,0x00008a9d,0x0000eb5c,50,13,35,ZR,ZR,2
1611841190,2021-01-28 18:39:50,0x0000eb5c,0x00008a9d,53,16,216,ZR,ZR,2
1611841191,2021-01-28 18:39:51,0x00008a9d,0x0000eb5c,50,13,36,ZR,ZR,2
1611841191,2021-01-28 18:39:51,0x0000eb5c,0x00008a9d,53,16,217,ZR,ZR,2
1611841191,2021-01-28 18:39:51,0x00008a9d,0x0000eb5c,50,13,37,ZR,ZR,2
1611841191,2021-01-28 18:39:51,0x0000eb5c,0x00008a9d,53,16,218,ZR,ZR,2
1611841192,2021-01-28 18:39:52,0x00008a9d,0x0000eb5c,50,13,39,ZR,ZR,2
1611841192,2021-01-28 18:39:52,0x0000eb5c,0x00008a9d,53,16,219,ZR,ZR,2
1611841192,2021-01-28 18:39:52,0x00008a9d,0x0000eb5c,50,13,40,ZR,ZR,2
1611841192,2021-01-28 18:39:52,0x0000eb5c,0x00008a9d,53,16,220,ZR,ZR,2
1611841193,2021-01-28 18:39:53,0x00008a9d,0x0000eb5c,50,13,41,ZR,ZR,2
1611841193,2021-01-28 18:39:53,0x0000eb5c,0x00008a9d,53,16,221,ZR,ZR,2
1611841193,2021-01-28 18:39:53,0x00008a9d,0x0000eb5c,50,13,42,ZR,ZR,2
1611841193,2021-01-28 18:39:53,0x0000eb5c,0x00008a9d,53,16,222,ZR,ZR,2
1611841194,2021-01-28 18:39:54,0x00008a9d,0x0000eb5c,50,13,43,ZR,ZR,2
1611841194,2021-01-28 18:39:54,0x0000eb5c,0x00008a9d,53,16,223,ZR,ZR,2
1611841194,2021-01-28 18:39:54,0x00008a9d,0x0000eb5c,50,13,44,ZR,ZR,2
1611841194,2021-01-28 18:39:54,0x0000eb5c,0x00008a9d,53,16,224,ZR,ZR,2
1611841195,2021-01-28 18:39:55,0x00008a9d,0x0000eb5c,50,13,45,ZR,ZR,2
1611841195,2021-01-28 18:39:55,0x0000eb5c,0x00008a9d,53,16,225,ZR,ZR,2
1611841195,2021-01-28 18:39:55,0x00008a9d,0x0000eb5c,50,13,46,ZR,ZR,2
1611841195,2021-01-28 18:39:55,0x0000eb5c,0x00008a9d,53,16,226,ZR,ZR,2
1611841196,2021-01-28 18:39:56,0x00008a9d,0x0000eb5c,50,13,47,ZR,ZR,2
1611841196,2021-01-28 18:39:56,0x0000eb5c,0x00008a9d,53,16,227,ZR,ZR,2
1611841196,2021-01-28 18:39:56,0x00008a9d,0x0000eb5c,50,13,48,ZR,ZR,2
1611841196,2021-01-28 18:39:56,0x0000eb5c,0x00008a9d,53,16,228,ZR,ZR,2
1611841197,2021-01-28 18:39:57,0x00008a9d,0x0000eb5c,50,13,49,ZR,ZR,2
1611841197,2021-01-28 18:39:57,0x0000eb5c,0x00008a9d,53,16,229,ZR,ZR,2
1611841197,2021-01-28 18:39:57,0x00008a9d,0x0000eb5c,50,13,50,ZR,ZR,2
1611841197,2021-01-28 18:39:57,0x0000eb5c,0x00008a9d,53,16,230,ZR,ZR,2
1611841198,2021-01-28 18:39:58,0x00008a9d,0x0000eb5c,50,13,51,ZR,ZR,2
1611841198,2021-01-28 18:39:58,0x0000eb5c,0x00008a9d,53,16,231,ZR,ZR,2
1611841198,2021-01-28 18:39:58,0x00008a9d,0x0000eb5c,50,13,52,ZR,ZR,2
1611841198,2021-01-28 18:39:58,0x0000eb5c,0x00008a9d,53,16,232,ZR,ZR,2
1611841199,2021-01-28 18:39:59,0x00008a9d,0x0000eb5c,50,13,53,ZR,ZR,2
1611841199,2021-01-28 18:39:59,0x0000eb5c,0x00008a9d,53,16,233,ZR,ZR,2
1611841199,2021-01-28 18:39:59,0x00008a9d,0x0000eb5c,50,13,54,ZR,ZR,2
1611841199,2021-01-28 18:39:59,0x0000eb5c,0x00008a9d,53,16,234,ZR,ZR,2
1611841200,2021-01-28 18:40:00,0x00008a9d,0x0000eb5c,50,13,57,ZR,ZR,2
1611841200,2021-01-28 18:40:00,0x0000eb5c,0x00008a9d,53,16,236,ZR,ZR,2
1611841200,2021-01-28 18:40:00,0x00008a9d,0x0000eb5c,50,13,58,ZR,ZR,2
1611841200,2021-01-28 18:40:00,0x0000eb5c,0x00008a9d,53,16,237,ZR,ZR,2
1611841202,2021-01-28 18:40:02,0x00008a9d,0x0000eb5c,50,13,59,ZR,ZR,3
1611841202,2021-01-28 18:40:02,0x0000eb5c,0x00008a9d,53,16,238,ZR,ZR,3
1611841202,2021-01-28 18:40:02,0x00008a9d,0x0000eb5c,50,13,60,ZR,ZR,3
1611841202,2021-01-28 18:40:02,0x0000eb5c,0x00008a9d,53,16,239,ZR,ZR,3
1611841203,2021-01-28 18:40:03,0x00008a9d,0x0000eb5c,50,13,61,ZR,ZR,3
1611841203,2021-01-28 18:40:03,0x0000eb5c,0x00008a9d,53,16,241,ZR,ZR,3
1611841203,2021-01-28 18:40:03,0x00008a9d,0x0000eb5c,50,13,62,ZR,ZR,3
1611841203,2021-01-28 18:40:03,0x0000eb5c,0x00008a9d,53,16,242,ZR,ZR,3
1611841204,2021-01-28 18:40:04,0x00008a9d,0x0000eb5c,50,13,63,ZR,ZR,3
1611841204,2021-01-28 18:40:04,0x0000eb5c,0x00008a9d,53,16,243,ZR,ZR,3
1611841204,2021-01-28 18:40:04,0x00008a9d,0x0000eb5c,50,13,64,ZR,ZR,3
1611841204,2021-01-28 18:40:04,0x0000eb5c,0x00008a9d,53,16,244,ZR,ZR,3
1611841205,2021-01-28 18:40:05,0x00008a9d,0x0000eb5c,50,13,65,ZR,ZR,3
1611841205,2021-01-28 18:40:05,0x0000eb5c,0x00008a9d,53,16,245,ZR,ZR,3
1611841205,2021-01-28 18:40:05,0x00008a9d,0x0000eb5c,50,13,66,ZR,ZR,3
1611841205,2021-01-28 18:40:05,0x0000eb5c,0x00008a9d,53,16,246,ZR,ZR,3
1611841206,2021-01-28 18:40:06,0x00008a9d,0x0000eb5c,50,13,67,ZR,ZR,3
1611841206,2021-01-28 18:40:06,0x0000eb5c,0x00008a9d,53,16,247,ZR,ZR,3
1611841206,2021-01-28 18:40:06,0x00008a9d,0x0000eb5c,50,13,68,ZR,ZR,3
1611841206,2021-01-28 18:40:06,0x0000eb5c,0x00008a9d,53,16,248,ZR,ZR,3
1611841207,2021-01-28 18:40:07,0x00008a9d,0x0000eb5c,50,13,70,ZR,ZR,3
1611841207,2021-01-28 18:40:07,0x0000eb5c,0x00008a9d,53,16,249,ZR,ZR,3
1611841207,2021-01-28 18:40:07,0x00008a9d,0x0000eb5c,50,13,71,ZR,ZR,3
1611841207,2021-01-28 18:40:07,0x0000eb5c,0x00008a9d,53,16,250,ZR,ZR,3
1611841208,2021-01-28 18:40:08,0x00008a9d,0x0000eb5c,50,13,72,ZR,ZR,3
1611841208,2021-01-28 18:40:08,0x0000eb5c,0x00008a9d,53,16,251,ZR,ZR,3
1611841208,2021-01-28 18:40:08,0x00008a9d,0x0000eb5c,50,13,73,ZR,ZR,3
1611841208,2021-01-28 18:40:08,0x0000eb5c,0x00008a9d,53,16,252,ZR,ZR,3
1611841209,2021-01-28 18:40:09,0x00008a9d,0x0000eb5c,50,13,74,ZR,ZR,3
1611841209,2021-01-28 18:40:09,0x0000eb5c,0x00008a9d,53,16,253,ZR,ZR,3
1611841209,2021-01-28 18:40:09,0x00008a9d,0x0000eb5c,50,13,75,ZR,ZR,3
1611841209,2021-01-28 18:40:09,0x0000eb5c,0x00008a9d,53,16,254,ZR,ZR,3
1611841210,2021-01-28 18:40:10,0x00008a9d,0x0000eb5c,50,13,76,ZR,ZR,3
1611841210,2021-01-28 18:40:10,0x0000eb5c,0x00008a9d,53,16,255,ZR,ZR,3
1611841210,2021-01-28 18:40:10,0x00008a9d,0x0000eb5c,50,13,77,ZR,ZR,3
1611841210,2021-01-28 18:40:10,0x0000eb5c,0x00008a9d,53,16,0,ZR,ZR,3
1611841211,2021-01-28 18:40:11,0x00008a9d,0x0000eb5c,50,13,78,ZR,ZR,3
1611841211,2021-01-28 18:40:11,0x0000eb5c,0x00008a9d,53,16,1,ZR,ZR,3
1611841211,2021-01-28 18:40:11,0x00008a9d,0x0000eb5c,50,13,79,ZR,ZR,3
1611841211,2021-01-28 18:40:11,0x0000eb5c,0x00008a9d,53,16,2,ZR,ZR,3
1611841212,2021-01-28 18:40:12,0x00008a9d,0x0000eb5c,50,13,80,ZR,ZR,3
1611841212,2021-01-28 18:40:12,0x0000eb5c,0x00008a9d,53,16,3,ZR,ZR,3
1611841212,2021-01-28 18:40:12,0x00008a9d,0x0000eb5c,50,13,81,ZR,ZR,3
1611841212,2021-01-28 18:40:12,0x0000eb5c,0x00008a9d,53,16,4,ZR,ZR,3
1611841214,2021-01-28 18:40:14,0x00008a9d,0x0000eb5c,50,13,82,ZR,ZR,4
1611841214,2021-01-28 18:40:14,0x0000eb5c,0x00008a9d,53,16,5,ZR,ZR,4
1611841214,2021-01-28 18:40:14,0x00008a9d,0x0000eb5c,50,13,83,ZR,ZR,4
1611841214,2021-01-28 18:40:14,0x0000eb5c,0x00008a9d,53,16,6,ZR,ZR,4
1611841215,2021-01-28 18:40:15,0x00008a9d,0x0000eb5c,50,13,84,ZR,ZR,4
1611841215,2021-01-28 18:40:15,0x0000eb5c,0x00008a9d,53,16,7,ZR,ZR,4
1611841215,2021-01-28 18:40:15,0x00008a9d,0x0000eb5c,50,13,85,ZR,ZR,4
1611841215,2021-01-28 18:40:15,0x0000eb5c,0x00008a9d,53,16,8,ZR,ZR,4
1611841216,2021-01-28 18:40:16,0x00008a9d,0x0000eb5c,50,13,86,ZR,ZR,4
1611841216,2021-01-28 18:40:16,0x0000eb5c,0x00008a9d,53,16,9,ZR,ZR,4
1611841216,2021-01-28 18:40:16,0x00008a9d,0x0000eb5c,50,13,87,ZR,ZR,4
1611841216,2021-01-28 18:40:16,0x0000eb5c,0x00008a9d,53,16,10,ZR,ZR,4
1611841217,2021-01-28 18:40:17,0x00008a9d,0x0000eb5c,50,13,88,ZR,ZR,4
1611841217,2021-01-28 18:40:17,0x0000eb5c,0x00008a9d,53,16,11,ZR,ZR,4
1611841217,2021-01-28 18:40:17,0x00008a9d,0x0000eb5c,50,13,89,ZR,ZR,4
1611841217,2021-01-28 18:40:17,0x0000eb5c,0x00008a9d,53,16,12,ZR,ZR,4
1611841218,2021-01-28 18:40:18,0x00008a9d,0x0000eb5c,50,13,90,ZR,ZR,4
1611841218,2021-01-28 18:40:18,0x0000eb5c,0x00008a9d,53,16,14,ZR,ZR,4
1611841218,2021-01-28 18:40:18,0x00008a9d,0x0000eb5c,50,13,91,ZR,ZR,4
1611841218,2021-01-28 18:40:18,0x0000eb5c,0x00008a9d,53,16,15,ZR,ZR,4
1611841219,2021-01-28 18:40:19,0x00008a9d,0x0000eb5c,50,13,92,ZR,ZR,4
1611841219,2021-01-28 18:40:19,0x0000eb5c,0x00008a9d,53,16,16,ZR,ZR,4
1611841219,2021-01-28 18:40:19,0x00008a9d,0x0000eb5c,50,13,93,ZR,ZR,4
1611841219,2021-01-28 18:40:19,0x0000eb5c,0x00008a9d,53,16,17,ZR,ZR,4
1611841220,2021-01-28 18:40:20,0x00008a9d,0x0000eb5c,50,13,96,ZR,ZR,4
1611841220,2021-01-28 18:40:20,0x0000eb5c,0x00008a9d,53,16,19,ZR,ZR,4
1611841220,2021-01-28 18:40:20,0x00008a9d,0x0000eb5c,50,13,97,ZR,ZR,4
1611841220,2021-01-28 18:40:20,0x0000eb5c,0x00008a9d,53,16,20,ZR,ZR,4
1611841221,2021-01-28 18:40:21,0x00008a9d,0x0000eb5c,50,13,98,ZR,ZR,4
1611841221,2021-01-28 18:40:21,0x0000eb5c,0x00008a9d,53,16,21,ZR,ZR,4
1611841221,2021-01-28 18:40:21,0x00008a9d,0x0000eb5c,50,13,99,ZR,ZR,4
1611841221,2021-01-28 18:40:21,0x0000eb5c,0x00008a9d,53,16,22,ZR,ZR,4
1611841222,2021-01-28 18:40:22,0x00008a9d,0x0000eb5c,50,13,101,ZR,ZR,4
1611841222,2021-01-28 18:40:22,0x0000eb5c,0x00008a9d,53,16,23,ZR,ZR,4
1611841222,2021-01-28 18:40:22,0x00008a9d,0x0000eb5c,50,13,102,ZR,ZR,4
1611841222,2021-01-28 18:40:22,0x0000eb5c,0x00008a9d,53,16,24,ZR,ZR,4
1611841223,2021-01-28 18:40:23,0x00008a9d,0x0000eb5c,50,13,103,ZR,ZR,4
1611841223,2021-01-28 18:40:23,0x0000eb5c,0x00008a9d,53,16,25,ZR,ZR,4
1611841223,2021-01-28 18:40:23,0x00008a9d,0x0000eb5c,50,13,104,ZR,ZR,4
1611841223,2021-01-28 18:40:23,0x0000eb5c,0x00008a9d,53,16,26,ZR,ZR,4
1611841225,2021-01-28 18:40:25,0x00008a9d,0x0000eb5c,50,13,105,ZR,ZR,5
1611841225,2021-01-28 18:40:25,0x0000eb5c,0x00008a9d,53,16,27,ZR,ZR,5
1611841225,2021-01-28 18:40:25,0x00008a9d,0x0000eb5c,50,13,106,ZR,ZR,5
1611841225,2021-01-28 18:40:25,0x0000eb5c,0x00008a9d,53,16,28,ZR,ZR,5
1611841226,2021-01-28 18:40:26,0x00008a9d,0x0000eb5c,50,13,107,ZR,ZR,5
1611841226,2021-01-28 18:40:26,0x0000eb5c,0x00008a9d,53,16,29,ZR,ZR,5
1611841226,2021-01-28 18:40:26,0x00008a9d,0x0000eb5c,50,13,108,ZR,ZR,5
1611841226,2021-01-28 18:40:26,0x0000eb5c,0x00008a9d,53,16,30,ZR,ZR,5
1611841227,2021-01-28 18:40:27,0x00008a9d,0x0000eb5c,50,13,109,ZR,ZR,5
1611841227,2021-01-28 18:40:27,0x0000eb5c,0x00008a9d,53,16,31,ZR,ZR,5
1611841227,2021-01-28 18:40:27,0x00008a9d,0x0000eb5c,50,13,110,ZR,ZR,5
1611841227,2021-01-28 18:40:27,0x0000eb5c,0x00008a9d,53,16,32,ZR,ZR,5
1611841228,2021-01-28 18:40:28,0x00008a9d,0x0000eb5c,50,13,111,ZR,ZR,5
1611841228,2021-01-28 18:40:28,0x0000eb5c,0x00008a9d,53,16,33,ZR,ZR,5
1611841228,2021-01-28 18:40:28,0x00008a9d,0x0000eb5c,50,13,112,ZR,ZR,5
1611841228,2021-01-28 18:40:28,0x0000eb5c,0x00008a9d,53,16,34,ZR,ZR,5
1611841229,2021-01-28 18:40:29,0x00008a9d,0x0000eb5c,50,13,113,ZR,ZR,5
1611841229,2021-01-28 18:40:29,0x0000eb5c,0x00008a9d,53,16,35,ZR,ZR,5
1611841229,2021-01-28 18:40:29,0x00008a9d,0x0000eb5c,50,13,114,ZR,ZR,5
1611841229,2021-01-28 18:40:29,0x0000eb5c,0x00008a9d,53,16,36,ZR,ZR,5
1611841230,2021-01-28 18:40:30,0x00008a9d,0x0000eb5c,50,13,115,ZR,ZR,5
1611841230,2021-01-28 18:40:30,0x0000eb5c,0x00008a9d,53,16,37,ZR,ZR,5
1611841230,2021-01-28 18:40:30,0x00008a9d,0x0000eb5c,50,13,116,ZR,ZR,5
1611841230,2021-01-28 18:40:30,0x0000eb5c,0x00008a9d,53,16,38,ZR,ZR,5
1611841231,2021-01-28 18:40:31,0x00008a9d,0x0000eb5c,50,13,117,ZR,ZR,5
1611841231,2021-01-28 18:40:31,0x0000eb5c,0x00008a9d,53,16,39,ZR,ZR,5
1611841231,2021-01-28 18:40:31,0x00008a9d,0x0000eb5c,50,13,118,ZR,ZR,5
1611841231,2021-01-28 18:40:31,0x0000eb5c,0x00008a9d,53,16,40,ZR,ZR,5
1611841232,2021-01-28 18:40:32,0x00008a9d,0x0000eb5c,50,13,119,ZR,ZR,5
1611841232,2021-01-28 18:40:32,0x0000eb5c,0x00008a9d,53,16,41,ZR,ZR,5
1611841232,2021-01-28 18:40:32,0x00008a9d,0x0000eb5c,50,13,120,ZR,ZR,5
1611841232,2021-01-28 18:40:32,0x0000eb5c,0x00008a9d,53,16,42,ZR,ZR,5
1611841233,2021-01-28 18:40:33,0x00008a9d,0x0000eb5c,50,13,121,ZR,ZR,5
1611841233,2021-01-28 18:40:33,0x0000eb5c,0x00008a9d,53,16,44,ZR,ZR,5
1611841233,2021-01-28 18:40:33,0x00008a9d,0x0000eb5c,50,13,122,ZR,ZR,5
1611841233,2021-01-28 18:40:33,0x0000eb5c,0x00008a9d,53,16,45,ZR,ZR,5
1611841234,2021-01-28 18:40:34,0x00008a9d,0x0000eb5c,50,13,123,ZR,ZR,5
1611841234,2021-01-28 18:40:34,0x0000eb5c,0x00008a9d,53,16,46,ZR,ZR,5
1611841234,2021-01-28 18:40:34,0x00008a9d,0x0000eb5c,50,13,124,ZR,ZR,5
1611841234,2021-01-28 18:40:34,0x0000eb5c,0x00008a9d,53,16,47,ZR,ZR,5
1611841235,2021-01-28 18:40:35,0x00008a9d,0x0000eb5c,50,13,125,ZR,ZR,5
1611841235,2021-01-28 18:40:35,0x0000eb5c,0x00008a9d,53,16,48,ZR,ZR,5
1611841236,2021-01-28 18:40:36,0x00008a9d,0x0000eb5c,50,13,126,ZR,ZR,5
1611841236,2021-01-28 18:40:36,0x0000eb5c,0x00008a9d,53,16,49,ZR,ZR,5
1611841237,2021-01-28 18:40:37,0x00008a9d,0x0000eb5c,50,13,127,ZR,ZR,5
1611841237,2021-01-28 18:40:37,0x0000eb5c,0x00008a9d,53,16,50,ZR,ZR,5
1611841237,2021-01-28 18:40:37,0x00008a9d,0x0000eb5c,50,13,128,ZR,ZR,5
1611841237,2021-01-28 18:40:37,0x0000eb5c,0x00008a9d,53,16,51,ZR,ZR,5
1611841238,2021-01-28 18:40:38,0x00008a9d,0x0000eb5c,50,13,130,ZR,ZR,5
1611841238,2021-01-28 18:40:38,0x0000eb5c,0x00008a9d,53,16,52,ZR,ZR,5
1611841238,2021-01-28 18:40:38,0x00008a9d,0x0000eb5c,50,13,131,ZR,ZR,5
1611841238,2021-01-28 18:40:38,0x0000eb5c,0x00008a9d,53,16,53,ZR,ZR,5
1611841239,2021-01-28 18:40:39,0x00008a9d,0x0000eb5c,50,13,132,ZR,ZR,5
1611841239,2021-01-28 18:40:39,0x0000eb5c,0x00008a9d,53,16,54,ZR,ZR,5
1611841239,2021-01-28 18:40:39,0x00008a9d,0x0000eb5c,50,13,133,ZR,ZR,5
1611841239,2021-01-28 18:40:39,0x0000eb5c,0x00008a9d,53,16,55,ZR,ZR,5
1611841240,2021-01-28 18:40:40,0x00008a9d,0x0000eb5c,50,13,134,ZR,ZR,5
1611841240,2021-01-28 18:40:40,0x0000eb5c,0x00008a9d,53,16,56,ZR,ZR,5
1611841240,2021-01-28 18:40:40,0x00008a9d,0x0000eb5c,50,13,137,ZR,ZR,5
1611841240,2021-01-28 18:40:40,0x0000eb5c,0x00008a9d,53,16,58,ZR,ZR,5
1611841241,2021-01-28 18:40:41,0x00008a9d,0x0000eb5c,50,13,138,ZR,ZR,5
1611841241,2021-01-28 18:40:41,0x0000eb5c,0x00008a9d,53,16,60,ZR,ZR,5
1611841241,2021-01-28 18:40:41,0x00008a9d,0x0000eb5c,50,13,139,ZR,ZR,5
1611841241,2021-01-28 18:40:41,0x0000eb5c,0x00008a9d,53,16,61,ZR,ZR,5
1611841242,2021-01-28 18:40:42,0x00008a9d,0x0000eb5c,50,13,140,ZR,ZR,5
1611841242,2021-01-28 18:40:42,0x0000eb5c,0x00008a9d,53,16,62,ZR,ZR,5
1611841242,2021-01-28 18:40:42,0x00008a9d,0x0000eb5c,50,13,141,ZR,ZR,5
1611841242,2021-01-28 18:40:42,0x0000eb5c,0x00008a9d,53,16,63,ZR,ZR,5
1611841243,2021-01-28 18:40:43,0x00008a9d,0x0000eb5c,50,13,142,ZR,ZR,5
1611841243,2021-01-28 18:40:43,0x0000eb5c,0x00008a9d,53,16,64,ZR,ZR,5
1611841243,2021-01-28 18:40:43,0x00008a9d,0x0000eb5c,50,13,143,ZR,ZR,5
1611841243,2021-01-28 18:40:43,0x0000eb5c,0x00008a9d,53,16,65,ZR,ZR,5
1611841244,2021-01-28 18:40:44,0x00008a9d,0x0000eb5c,50,13,144,ZR,ZR,5
1611841244,2021-01-28 18:40:44,0x0000eb5c,0x00008a9d,53,16,66,ZR,ZR,5
1611841244,2021-01-28 18:40:44,0x00008a9d,0x0000eb5c,50,13,145,ZR,ZR,5
1611841244,2021-01-28 18:40:44,0x0000eb5c,0x00008a9d,53,16,67,ZR,ZR,5
1611841245,2021-01-28 18:40:45,0x00008a9d,0x0000eb5c,50,13,146,ZR,ZR,5
1611841245,2021-01-28 18:40:45,0x0000eb5c,0x00008a9d,53,16,68,ZR,ZR,5
1611841246,2021-01-28 18:40:46,0x00008a9d,0x0000eb5c,50,13,147,ZR,ZR,5
1611841246,2021-01-28 18:40:46,0x0000eb5c,0x00008a9d,53,16,69,ZR,ZR,5
1611841247,2021-01-28 18:40:47,0x00008a9d,0x0000eb5c,50,13,148,ZR,ZR,5
1611841247,2021-01-28 18:40:47,0x0000eb5c,0x00008a9d,53,16,70,ZR,ZR,5
1611841247,2021-01-28 18:40:47,0x00008a9d,0x0000eb5c,50,13,149,ZR,ZR,5
1611841247,2021-01-28 18:40:47,0x0000eb5c,0x00008a9d,53,16,71,ZR,ZR,5
1611841248,2021-01-28 18:40:48,0x00008a9d,0x0000eb5c,49,12,150,ZR,ZR,5
1611841248,2021-01-28 18:40:48,0x0000eb5c,0x00008a9d,54,17,73,ZR,ZR,5
1611841249,2021-01-28 18:40:49,0x00008a9d,0x0000eb5c,50,13,151,ZR,ZR,5
1611841249,2021-01-28 18:40:49,0x0000eb5c,0x00008a9d,56,19,74,ZR,ZR,5
1611841250,2021-01-28 18:40:50,0x00008a9d,0x0000eb5c,50,13,152,ZR,ZR,5
1611841250,2021-01-28 18:40:50,0x0000eb5c,0x00008a9d,53,16,75,ZR,ZR,5
1611841250,2021-01-28 18:40:50,0x00008a9d,0x0000eb5c,50,13,153,ZR,ZR,5
1611841250,2021-01-28 18:40:50,0x0000eb5c,0x00008a9d,53,16,76,ZR,ZR,5
1611841251,2021-01-28 18:40:51,0x00008a9d,0x0000eb5c,50,13,154,ZR,ZR,5
1611841251,2021-01-28 18:40:51,0x0000eb5c,0x00008a9d,53,16,77,ZR,ZR,5
1611841251,2021-01-28 18:40:51,0x00008a9d,0x0000eb5c,50,13,155,ZR,ZR,5
1611841251,2021-01-28 18:40:51,0x0000eb5c,0x00008a9d,53,16,78,ZR,ZR,5
1611841252,2021-01-28 18:40:52,0x00008a9d,0x0000eb5c,50,13,157,ZR,ZR,5
1611841252,2021-01-28 18:40:52,0x0000eb5c,0x00008a9d,53,16,79,ZR,ZR,5
1611841252,2021-01-28 18:40:52,0x00008a9d,0x0000eb5c,50,13,158,ZR,ZR,5
1611841252,2021-01-28 18:40:52,0x0000eb5c,0x00008a9d,53,16,80,ZR,ZR,5
1611841253,2021-01-28 18:40:53,0x00008a9d,0x0000eb5c,50,13,159,ZR,ZR,5
1611841253,2021-01-28 18:40:53,0x0000eb5c,0x00008a9d,53,16,81,ZR,ZR,5
1611841253,2021-01-28 18:40:53,0x00008a9d,0x0000eb5c,50,13,160,ZR,ZR,5
1611841253,2021-01-28 18:40:53,0x0000eb5c,0x00008a9d,53,16,82,ZR,ZR,5
1611841254,2021-01-28 18:40:54,0x00008a9d,0x0000eb5c,50,13,161,ZR,ZR,5
1611841254,2021-01-28 18:40:54,0x0000eb5c,0x00008a9d,53,16,83,ZR,ZR,5
1611841254,2021-01-28 18:40:54,0x00008a9d,0x0000eb5c,50,13,162,ZR,ZR,5
1611841254,2021-01-28 18:40:54,0x0000eb5c,0x00008a9d,53,16,84,ZR,ZR,5
1611841255,2021-01-28 18:40:55,0x00008a9d,0x0000eb5c,50,13,163,ZR,ZR,5
1611841255,2021-01-28 18:40:55,0x0000eb5c,0x00008a9d,53,16,85,ZR,ZR,5
1611841255,2021-01-28 18:40:55,0x00008a9d,0x0000eb5c,50,13,164,ZR,ZR,5
1611841255,2021-01-28 18:40:55,0x0000eb5c,0x00008a9d,53,16,86,ZR,ZR,5
1611841257,2021-01-28 18:40:57,0x00008a9d,0x0000eb5c,50,13,165,ZR,ZR,6
1611841257,2021-01-28 18:40:57,0x0000eb5c,0x00008a9d,53,16,87,ZR,ZR,6
1611841257,2021-01-28 18:40:57,0x00008a9d,0x0000eb5c,50,13,166,ZR,ZR,6
1611841257,2021-01-28 18:40:57,0x0000eb5c,0x00008a9d,53,16,88,ZR,ZR,6
1611841258,2021-01-28 18:40:58,0x00008a9d,0x0000eb5c,50,13,167,ZR,ZR,6
1611841258,2021-01-28 18:40:58,0x0000eb5c,0x00008a9d,53,16,89,ZR,ZR,6
1611841258,2021-01-28 18:40:58,0x00008a9d,0x0000eb5c,50,13,168,ZR,ZR,6
1611841258,2021-01-28 18:40:58,0x0000eb5c,0x00008a9d,53,16,90,ZR,ZR,6
1611841259,2021-01-28 18:40:59,0x00008a9d,0x0000eb5c,50,13,169,ZR,ZR,6
1611841259,2021-01-28 18:40:59,0x0000eb5c,0x00008a9d,53,16,91,ZR,ZR,6
1611841259,2021-01-28 18:40:59,0x00008a9d,0x0000eb5c,50,13,170,ZR,ZR,6
1611841259,2021-01-28 18:40:59,0x0000eb5c,0x00008a9d,53,16,92,ZR,ZR,6
1611841260,2021-01-28 18:41:00,0x00008a9d,0x0000eb5c,50,13,171,ZR,ZR,6
1611841260,2021-01-28 18:41:00,0x0000eb5c,0x00008a9d,53,16,93,ZR,ZR,6
1611841260,2021-01-28 18:41:00,0x00008a9d,0x0000eb5c,50,13,172,ZR,ZR,6
1611841260,2021-01-28 18:41:00,0x0000eb5c,0x00008a9d,53,16,94,ZR,ZR,6
1611841261,2021-01-28 18:41:01,0x00008a9d,0x0000eb5c,50,13,175,ZR,ZR,6
1611841261,2021-01-28 18:41:01,0x0000eb5c,0x00008a9d,53,16,96,ZR,ZR,6
1611841261,2021-01-28 18:41:01,0x00008a9d,0x0000eb5c,50,13,176,ZR,ZR,6
1611841261,2021-01-28 18:41:01,0x0000eb5c,0x00008a9d,53,16,97,ZR,ZR,6
1611841262,2021-01-28 18:41:02,0x00008a9d,0x0000eb5c,50,13,177,ZR,ZR,6
1611841262,2021-01-28 18:41:02,0x0000eb5c,0x00008a9d,53,16,98,ZR,ZR,6
1611841262,2021-01-28 18:41:02,0x00008a9d,0x0000eb5c,50,13,178,ZR,ZR,6
1611841262,2021-01-28 18:41:02,0x0000eb5c,0x00008a9d,53,16,99,ZR,ZR,6
1611841262,2021-01-28 18:41:02,0x0000eb5c,0x00008a9d,53,16,100,ZR,ZR,6
1611841263,2021-01-28 18:41:03,0x00008a9d,0x0000eb5c,50,13,179,ZR,ZR,6
1611841263,2021-01-28 18:41:03,0x0000eb5c,0x00008a9d,53,16,102,ZR,ZR,6
1611841263,2021-01-28 18:41:03,0x00008a9d,0x0000eb5c,50,13,180,ZR,ZR,6
1611841263,2021-01-28 18:41:03,0x0000eb5c,0x00008a9d,53,16,103,ZR,ZR,6
1611841264,2021-01-28 18:41:04,0x00008a9d,0x0000eb5c,50,13,181,ZR,ZR,6
1611841264,2021-01-28 18:41:04,0x0000eb5c,0x00008a9d,53,16,104,ZR,ZR,6
1611841264,2021-01-28 18:41:04,0x00008a9d,0x0000eb5c,50,13,182,ZR,ZR,6
1611841264,2021-01-28 18:41:04,0x0000eb5c,0x00008a9d,53,16,105,ZR,ZR,6
1611841265,2021-01-28 18:41:05,0x00008a9d,0x0000eb5c,50,13,183,ZR,ZR,6
1611841265,2021-01-28 18:41:05,0x0000eb5c,0x00008a9d,53,16,106,ZR,ZR,6
1611841265,2021-01-28 18:41:05,0x00008a9d,0x0000eb5c,50,13,184,ZR,ZR,6
1611841265,2021-01-28 18:41:05,0x0000eb5c,0x00008a9d,53,16,107,ZR,ZR,6
1611841266,2021-01-28 18:41:06,0x00008a9d,0x0000eb5c,50,13,185,ZR,ZR,6
1611841266,2021-01-28 18:41:06,0x0000eb5c,0x00008a9d,53,16,108,ZR,ZR,6
1611841266,2021-01-28 18:41:06,0x00008a9d,0x0000eb5c,50,13,186,ZR,ZR,6
1611841267,2021-01-28 18:41:07,0x0000eb5c,0x00008a9d,53,16,109,ZR,ZR,6
1611841268,2021-01-28 18:41:08,0x00008a9d,0x0000eb5c,50,13,188,ZR,ZR,6
1611841268,2021-01-28 18:41:08,0x0000eb5c,0x00008a9d,53,16,110,ZR,ZR,6
1611841268,2021-01-28 18:41:08,0x00008a9d,0x0000eb5c,50,13,189,ZR,ZR,6
1611841268,2021-01-28 18:41:08,0x0000eb5c,0x00008a9d,53,16,111,ZR,ZR,6
1611841269,2021-01-28 18:41:09,0x00008a9d,0x0000eb5c,50,13,190,ZR,ZR,6
1611841269,2021-01-28 18:41:09,0x0000eb5c,0x00008a9d,53,16,112,ZR,ZR,6
1611841269,2021-01-28 18:41:09,0x00008a9d,0x0000eb5c,50,13,191,ZR,ZR,6
1611841269,2021-01-28 18:41:09,0x0000eb5c,0x00008a9d,53,16,113,ZR,ZR,6
1611841270,2021-01-28 18:41:10,0x00008a9d,0x0000eb5c,50,13,192,ZR,ZR,6
1611841270,2021-01-28 18:41:10,0x0000eb5c,0x00008a9d,53,16,114,ZR,ZR,6
1611841270,2021-01-28 18:41:10,0x00008a9d,0x0000eb5c,50,13,193,ZR,ZR,6
1611841270,2021-01-28 18:41:10,0x0000eb5c,0x00008a9d,53,16,115,ZR,ZR,6
1611841271,2021-01-28 18:41:11,0x00008a9d,0x0000eb5c,50,13,194,ZR,ZR,6
1611841271,2021-01-28 18:41:11,0x0000eb5c,0x00008a9d,53,16,116,ZR,ZR,6
1611841271,2021-01-28 18:41:11,0x00008a9d,0x0000eb5c,50,13,195,ZR,ZR,6
1611841271,2021-01-28 18:41:11,0x0000eb5c,0x00008a9d,53,16,117,ZR,ZR,6
1611841272,2021-01-28 18:41:12,0x00008a9d,0x0000eb5c,50,13,196,ZR,ZR,6
1611841272,2021-01-28 18:41:12,0x0000eb5c,0x00008a9d,53,16,118,ZR,ZR,6
1611841272,2021-01-28 18:41:12,0x00008a9d,0x0000eb5c,50,13,197,ZR,ZR,6
1611841272,2021-01-28 18:41:12,0x0000eb5c,0x00008a9d,53,16,119,ZR,ZR,6
1611841273,2021-01-28 18:41:13,0x00008a9d,0x0000eb5c,50,13,198,ZR,ZR,6
1611841273,2021-01-28 18:41:13,0x0000eb5c,0x00008a9d,53,16,120,ZR,ZR,6
1611841273,2021-01-28 18:41:13,0x00008a9d,0x0000eb5c,50,13,199,ZR,ZR,6
1611841273,2021-01-28 18:41:13,0x0000eb5c,0x00008a9d,53,16,121,ZR,ZR,6
1611841274,2021-01-28 18:41:14,0x00008a9d,0x0000eb5c,50,13,200,ZR,ZR,6
