Timestamp,Time,Source,Destination,Packet_length,Payload_length,Sequence_number,Src_device,Dst_device,Burst,Gap
1611821196,2021-01-28 13:06:36,0x0000d717,0x00008a9d,64,27,175,ZR,ZR,1,10
1611821196,2021-01-28 13:06:36,0x00008a9d,0x0000d717,126,89,67,ZR,ZR,1,10
1611821196,2021-01-28 13:06:36,0x0000d717,0x00008a9d,64,27,177,ZR,ZR,1,10
1611821196,2021-01-28 13:06:36,0x00008a9d,0x0000d717,126,89,68,ZR,ZR,1,10
1611821196,2021-01-28 13:06:36,0x00008a9d,0x0000d717,50,13,69,ZR,ZR,1,10
1611821196,2021-01-28 13:06:36,0x0000d717,0x00008a9d,53,16,179,ZR,ZR,1,10
1611821196,2021-01-28 13:06:36,0x00008a9d,0x0000d717,50,13,70,ZR,ZR,1,10
1611821196,2021-01-28 13:06:36,0x0000d717,0x00008a9d,53,16,181,ZR,ZR,1,10
1611821196,2021-01-28 13:06:36,0x00008a9d,0x0000d717,62,25,71,ZR,ZR,1,10
1611821196,2021-01-28 13:06:36,0x0000d717,0x00008a9d,87,50,183,ZR,ZR,1,10
1611821196,2021-01-28 13:06:36,0x0000d717,0x00008a9d,64,27,185,ZR,ZR,1,10
1611821196,2021-01-28 13:06:36,0x00008a9d,0x0000d717,126,89,72,ZR,ZR,1,10
